Name,Age,Income,Name_Bob,Name_Charlie,Name_David,Name_Eva
Alice,-1.3821640128763901,-1.1952286093343936,-0.49999999999999994,-0.49999999999999994,-0.5,-0.5
Bob,0.0,0.0,1.9999999999999998,-0.49999999999999994,-0.5,-0.5
Charlie,0.1535737792084878,0.0,-0.49999999999999994,1.9999999999999998,-0.5,-0.5
David,1.6893115712933657,1.7928429140015905,-0.49999999999999994,-0.49999999999999994,2.0,-0.5
Eva,-0.4607213376254634,-0.5976143046671968,-0.49999999999999994,-0.49999999999999994,-0.5,2.0
